id;name;image;image_content_type
1;ADP Mountain Metal;../fake-data/blob/hipster.png;image/png
2;user-facing harness haptic;../fake-data/blob/hipster.png;image/png
3;Chief Direct Security;../fake-data/blob/hipster.png;image/png
4;Sleek;../fake-data/blob/hipster.png;image/png
5;Steel Zloty;../fake-data/blob/hipster.png;image/png
6;Borders;../fake-data/blob/hipster.png;image/png
7;Security Mouse;../fake-data/blob/hipster.png;image/png
8;Square 1080p;../fake-data/blob/hipster.png;image/png
9;Toys;../fake-data/blob/hipster.png;image/png
10;bypassing Architect;../fake-data/blob/hipster.png;image/png
