id;user_id;phone;city;district;ward;address
1;1;(002) 738-7541 x617;New Camilafort;Corporate Unbranded;revolutionary;Credit Card Account Lights
2;2;566.285.5815 x54461;East Blairstad;Officer payment applications;Principal circuit;generating Cambridgeshire
3;3;1-899-563-2655;Mantebury;global;Handcrafted Massachusetts;Macao Plastic Sports
4;4;1-471-048-6657;Lionelland;navigate Group;partnerships SMTP back up;Small Fresh Bacon forecast Iowa
5;52999;729.054.3349 x715;Silasport;Common calculating;functionalities Rustic;Fantastic Sharable
6;7930;658.877.6173;West Faustobury;copy bandwidth-monitored;Beauty Savings Account;Montenegro Auto Loan Account back up
7;22483;(426) 552-9970;Mayraside;interface Iceland Krona;CFA Franc BEAC Checking Account Brazil;Berkshire intermediate incremental
8;96304;(693) 111-4011 x31965;Crawfordville;functionalities Circle end-to-end;District Avon Soft;Automotive Principal Cordoba Oro
9;20453;(586) 254-2304 x71965;Port Camillefurt;Maine silver Principal;backing up;Throughway protocol deposit
10;20165;(962) 015-0197;East Darianaview;ability end-to-end;withdrawal;Rustic
